id,kind,attackTrajectories,unsafeTrajectories,attackSuccessRate,benignCompletionRate,falseRejectionRate,unsafeAuthorizedUSDC,policyLatencyP50Ms,policyLatencyP95Ms
unguarded,baseline,650,650,1,0.8,0,1759.803002,0.0020000000000095497,0.0033999999999991815
per_tx_cap,baseline,650,550,0.8461538461538461,0.8,0.1111111111111111,859.803002,0.001599999999996271,0.003100000000017644
allowlist,baseline,650,550,0.8461538461538461,0.8,0,1388.152756,0.0008000000000265572,0.0026000000000294676
stateless,baseline,650,300,0.46153846153846156,0.8,0.1111111111111111,501.551772,0.0036999999999807187,0.005699999999933425
budget_ledger,baseline,650,150,0.23076923076923078,0.8,0.1111111111111111,214.950788,0.003500000000030923,0.005499999999983629
strict_stateful,strong baseline,650,0,0,0.8,0.1111111111111111,0,0.02909999999997126,0.07399999999995543
no_budget,ablation,650,100,0.15384615384615385,1,0,214.950738,0.02970000000004802,0.06809999999995853
no_count,ablation,650,50,0.07692307692307693,1,0,71.650246,0.030300000000124783,0.0807999999999538
no_replay,ablation,650,100,0.15384615384615385,1,0,143.300542,0.004100000000107684,0.007599999999911233
no_binding,ablation,650,50,0.07692307692307693,1,0,71.650246,0.027999999999792635,0.058200000000169894
no_frequency,ablation,650,50,0.07692307692307693,1,0,71.650246,0.02539999999999054,0.0543999999999869
sentinel,proposed,650,0,0,1,0,0,0.025799999999890133,0.0543999999999869
