"method","metric","excludedFamily","estimate"
"unguarded","unsafeRate","budget_splitting","1"
"unguarded","unsafeRate","expired_intent","1"
"unguarded","unsafeRate","resource_substitution","1"
"unguarded","unsafeRate","oversized_payment","1"
"unguarded","unsafeRate","task_confusion","1"
"unguarded","unsafeRate","mutated_invoice_replay","1"
"unguarded","unsafeRate","unknown_outcome_retry","1"
"unguarded","unsafeRate","invoice_replay","1"
"unguarded","unsafeRate","count_exhaustion","1"
"unguarded","unsafeRate","repair_cannot_hide_recipient","1"
"unguarded","unsafeRate","frequency_burst","1"
"unguarded","unsafeRate","recipient_substitution","1"
"unguarded","unsafeRate","approval_bypass","1"
"unguarded","completion","benign_failure_retry","0.75"
"unguarded","completion","benign_repeated_service","0.75"
"unguarded","completion","benign_explicit_repair","1"
"unguarded","completion","benign_purchase","0.75"
"unguarded","completion","benign_frequency_boundary","0.75"
"per_tx_cap","unsafeRate","budget_splitting","0.8333333333333334"
"per_tx_cap","unsafeRate","expired_intent","0.8333333333333334"
"per_tx_cap","unsafeRate","resource_substitution","0.8333333333333334"
"per_tx_cap","unsafeRate","oversized_payment","0.9166666666666666"
"per_tx_cap","unsafeRate","task_confusion","0.8333333333333334"
"per_tx_cap","unsafeRate","mutated_invoice_replay","0.8333333333333334"
"per_tx_cap","unsafeRate","unknown_outcome_retry","0.8333333333333334"
"per_tx_cap","unsafeRate","invoice_replay","0.8333333333333334"
"per_tx_cap","unsafeRate","count_exhaustion","0.8333333333333334"
"per_tx_cap","unsafeRate","repair_cannot_hide_recipient","0.9166666666666666"
"per_tx_cap","unsafeRate","frequency_burst","0.8333333333333334"
"per_tx_cap","unsafeRate","recipient_substitution","0.8333333333333334"
"per_tx_cap","unsafeRate","approval_bypass","0.8333333333333334"
"per_tx_cap","completion","benign_failure_retry","0.75"
"per_tx_cap","completion","benign_repeated_service","0.75"
"per_tx_cap","completion","benign_explicit_repair","1"
"per_tx_cap","completion","benign_purchase","0.75"
"per_tx_cap","completion","benign_frequency_boundary","0.75"
"allowlist","unsafeRate","budget_splitting","0.8333333333333334"
"allowlist","unsafeRate","expired_intent","0.8333333333333334"
"allowlist","unsafeRate","resource_substitution","0.8333333333333334"
"allowlist","unsafeRate","oversized_payment","0.8333333333333334"
"allowlist","unsafeRate","task_confusion","0.8333333333333334"
"allowlist","unsafeRate","mutated_invoice_replay","0.8333333333333334"
"allowlist","unsafeRate","unknown_outcome_retry","0.8333333333333334"
"allowlist","unsafeRate","invoice_replay","0.8333333333333334"
"allowlist","unsafeRate","count_exhaustion","0.8333333333333334"
"allowlist","unsafeRate","repair_cannot_hide_recipient","0.9166666666666666"
"allowlist","unsafeRate","frequency_burst","0.8333333333333334"
"allowlist","unsafeRate","recipient_substitution","0.9166666666666666"
"allowlist","unsafeRate","approval_bypass","0.8333333333333334"
"allowlist","completion","benign_failure_retry","0.75"
"allowlist","completion","benign_repeated_service","0.75"
"allowlist","completion","benign_explicit_repair","1"
"allowlist","completion","benign_purchase","0.75"
"allowlist","completion","benign_frequency_boundary","0.75"
"stateless","unsafeRate","budget_splitting","0.4166666666666667"
"stateless","unsafeRate","expired_intent","0.5"
"stateless","unsafeRate","resource_substitution","0.5"
"stateless","unsafeRate","oversized_payment","0.5"
"stateless","unsafeRate","task_confusion","0.5"
"stateless","unsafeRate","mutated_invoice_replay","0.4166666666666667"
"stateless","unsafeRate","unknown_outcome_retry","0.4166666666666667"
"stateless","unsafeRate","invoice_replay","0.4166666666666667"
"stateless","unsafeRate","count_exhaustion","0.4166666666666667"
"stateless","unsafeRate","repair_cannot_hide_recipient","0.5"
"stateless","unsafeRate","frequency_burst","0.4166666666666667"
"stateless","unsafeRate","recipient_substitution","0.5"
"stateless","unsafeRate","approval_bypass","0.5"
"stateless","completion","benign_failure_retry","0.75"
"stateless","completion","benign_repeated_service","0.75"
"stateless","completion","benign_explicit_repair","1"
"stateless","completion","benign_purchase","0.75"
"stateless","completion","benign_frequency_boundary","0.75"
"budget_ledger","unsafeRate","budget_splitting","0.25"
"budget_ledger","unsafeRate","expired_intent","0.25"
"budget_ledger","unsafeRate","resource_substitution","0.25"
"budget_ledger","unsafeRate","oversized_payment","0.25"
"budget_ledger","unsafeRate","task_confusion","0.25"
"budget_ledger","unsafeRate","mutated_invoice_replay","0.16666666666666666"
"budget_ledger","unsafeRate","unknown_outcome_retry","0.25"
"budget_ledger","unsafeRate","invoice_replay","0.16666666666666666"
"budget_ledger","unsafeRate","count_exhaustion","0.25"
"budget_ledger","unsafeRate","repair_cannot_hide_recipient","0.25"
"budget_ledger","unsafeRate","frequency_burst","0.16666666666666666"
"budget_ledger","unsafeRate","recipient_substitution","0.25"
"budget_ledger","unsafeRate","approval_bypass","0.25"
"budget_ledger","completion","benign_failure_retry","0.75"
"budget_ledger","completion","benign_repeated_service","0.75"
"budget_ledger","completion","benign_explicit_repair","1"
"budget_ledger","completion","benign_purchase","0.75"
"budget_ledger","completion","benign_frequency_boundary","0.75"
"strict_stateful","unsafeRate","budget_splitting","0"
"strict_stateful","unsafeRate","expired_intent","0"
"strict_stateful","unsafeRate","resource_substitution","0"
"strict_stateful","unsafeRate","oversized_payment","0"
"strict_stateful","unsafeRate","task_confusion","0"
"strict_stateful","unsafeRate","mutated_invoice_replay","0"
"strict_stateful","unsafeRate","unknown_outcome_retry","0"
"strict_stateful","unsafeRate","invoice_replay","0"
"strict_stateful","unsafeRate","count_exhaustion","0"
"strict_stateful","unsafeRate","repair_cannot_hide_recipient","0"
"strict_stateful","unsafeRate","frequency_burst","0"
"strict_stateful","unsafeRate","recipient_substitution","0"
"strict_stateful","unsafeRate","approval_bypass","0"
"strict_stateful","completion","benign_failure_retry","0.75"
"strict_stateful","completion","benign_repeated_service","0.75"
"strict_stateful","completion","benign_explicit_repair","1"
"strict_stateful","completion","benign_purchase","0.75"
"strict_stateful","completion","benign_frequency_boundary","0.75"
"no_budget","unsafeRate","budget_splitting","0.08333333333333333"
"no_budget","unsafeRate","expired_intent","0.16666666666666666"
"no_budget","unsafeRate","resource_substitution","0.16666666666666666"
"no_budget","unsafeRate","oversized_payment","0.16666666666666666"
"no_budget","unsafeRate","task_confusion","0.16666666666666666"
"no_budget","unsafeRate","mutated_invoice_replay","0.16666666666666666"
"no_budget","unsafeRate","unknown_outcome_retry","0.08333333333333333"
"no_budget","unsafeRate","invoice_replay","0.16666666666666666"
"no_budget","unsafeRate","count_exhaustion","0.16666666666666666"
"no_budget","unsafeRate","repair_cannot_hide_recipient","0.16666666666666666"
"no_budget","unsafeRate","frequency_burst","0.16666666666666666"
"no_budget","unsafeRate","recipient_substitution","0.16666666666666666"
"no_budget","unsafeRate","approval_bypass","0.16666666666666666"
"no_budget","completion","benign_failure_retry","1"
"no_budget","completion","benign_repeated_service","1"
"no_budget","completion","benign_explicit_repair","1"
"no_budget","completion","benign_purchase","1"
"no_budget","completion","benign_frequency_boundary","1"
"no_count","unsafeRate","budget_splitting","0.08333333333333333"
"no_count","unsafeRate","expired_intent","0.08333333333333333"
"no_count","unsafeRate","resource_substitution","0.08333333333333333"
"no_count","unsafeRate","oversized_payment","0.08333333333333333"
"no_count","unsafeRate","task_confusion","0.08333333333333333"
"no_count","unsafeRate","mutated_invoice_replay","0.08333333333333333"
"no_count","unsafeRate","unknown_outcome_retry","0.08333333333333333"
"no_count","unsafeRate","invoice_replay","0.08333333333333333"
"no_count","unsafeRate","count_exhaustion","0"
"no_count","unsafeRate","repair_cannot_hide_recipient","0.08333333333333333"
"no_count","unsafeRate","frequency_burst","0.08333333333333333"
"no_count","unsafeRate","recipient_substitution","0.08333333333333333"
"no_count","unsafeRate","approval_bypass","0.08333333333333333"
"no_count","completion","benign_failure_retry","1"
"no_count","completion","benign_repeated_service","1"
"no_count","completion","benign_explicit_repair","1"
"no_count","completion","benign_purchase","1"
"no_count","completion","benign_frequency_boundary","1"
"no_replay","unsafeRate","budget_splitting","0.16666666666666666"
"no_replay","unsafeRate","expired_intent","0.16666666666666666"
"no_replay","unsafeRate","resource_substitution","0.16666666666666666"
"no_replay","unsafeRate","oversized_payment","0.16666666666666666"
"no_replay","unsafeRate","task_confusion","0.16666666666666666"
"no_replay","unsafeRate","mutated_invoice_replay","0.08333333333333333"
"no_replay","unsafeRate","unknown_outcome_retry","0.16666666666666666"
"no_replay","unsafeRate","invoice_replay","0.08333333333333333"
"no_replay","unsafeRate","count_exhaustion","0.16666666666666666"
"no_replay","unsafeRate","repair_cannot_hide_recipient","0.16666666666666666"
"no_replay","unsafeRate","frequency_burst","0.16666666666666666"
"no_replay","unsafeRate","recipient_substitution","0.16666666666666666"
"no_replay","unsafeRate","approval_bypass","0.16666666666666666"
"no_replay","completion","benign_failure_retry","1"
"no_replay","completion","benign_repeated_service","1"
"no_replay","completion","benign_explicit_repair","1"
"no_replay","completion","benign_purchase","1"
"no_replay","completion","benign_frequency_boundary","1"
"no_binding","unsafeRate","budget_splitting","0.08333333333333333"
"no_binding","unsafeRate","expired_intent","0.08333333333333333"
"no_binding","unsafeRate","resource_substitution","0.08333333333333333"
"no_binding","unsafeRate","oversized_payment","0.08333333333333333"
"no_binding","unsafeRate","task_confusion","0"
"no_binding","unsafeRate","mutated_invoice_replay","0.08333333333333333"
"no_binding","unsafeRate","unknown_outcome_retry","0.08333333333333333"
"no_binding","unsafeRate","invoice_replay","0.08333333333333333"
"no_binding","unsafeRate","count_exhaustion","0.08333333333333333"
"no_binding","unsafeRate","repair_cannot_hide_recipient","0.08333333333333333"
"no_binding","unsafeRate","frequency_burst","0.08333333333333333"
"no_binding","unsafeRate","recipient_substitution","0.08333333333333333"
"no_binding","unsafeRate","approval_bypass","0.08333333333333333"
"no_binding","completion","benign_failure_retry","1"
"no_binding","completion","benign_repeated_service","1"
"no_binding","completion","benign_explicit_repair","1"
"no_binding","completion","benign_purchase","1"
"no_binding","completion","benign_frequency_boundary","1"
"no_frequency","unsafeRate","budget_splitting","0.08333333333333333"
"no_frequency","unsafeRate","expired_intent","0.08333333333333333"
"no_frequency","unsafeRate","resource_substitution","0.08333333333333333"
"no_frequency","unsafeRate","oversized_payment","0.08333333333333333"
"no_frequency","unsafeRate","task_confusion","0.08333333333333333"
"no_frequency","unsafeRate","mutated_invoice_replay","0.08333333333333333"
"no_frequency","unsafeRate","unknown_outcome_retry","0.08333333333333333"
"no_frequency","unsafeRate","invoice_replay","0.08333333333333333"
"no_frequency","unsafeRate","count_exhaustion","0.08333333333333333"
"no_frequency","unsafeRate","repair_cannot_hide_recipient","0.08333333333333333"
"no_frequency","unsafeRate","frequency_burst","0"
"no_frequency","unsafeRate","recipient_substitution","0.08333333333333333"
"no_frequency","unsafeRate","approval_bypass","0.08333333333333333"
"no_frequency","completion","benign_failure_retry","1"
"no_frequency","completion","benign_repeated_service","1"
"no_frequency","completion","benign_explicit_repair","1"
"no_frequency","completion","benign_purchase","1"
"no_frequency","completion","benign_frequency_boundary","1"
"sentinel","unsafeRate","budget_splitting","0"
"sentinel","unsafeRate","expired_intent","0"
"sentinel","unsafeRate","resource_substitution","0"
"sentinel","unsafeRate","oversized_payment","0"
"sentinel","unsafeRate","task_confusion","0"
"sentinel","unsafeRate","mutated_invoice_replay","0"
"sentinel","unsafeRate","unknown_outcome_retry","0"
"sentinel","unsafeRate","invoice_replay","0"
"sentinel","unsafeRate","count_exhaustion","0"
"sentinel","unsafeRate","repair_cannot_hide_recipient","0"
"sentinel","unsafeRate","frequency_burst","0"
"sentinel","unsafeRate","recipient_substitution","0"
"sentinel","unsafeRate","approval_bypass","0"
"sentinel","completion","benign_failure_retry","1"
"sentinel","completion","benign_repeated_service","1"
"sentinel","completion","benign_explicit_repair","1"
"sentinel","completion","benign_purchase","1"
"sentinel","completion","benign_frequency_boundary","1"
