"baseline","metric","direction","estimate","ci95","clusters","samples"
"unguarded","unsafeRate","negative favors Sentinel","-1","[-1,-1]","13","2000"
"unguarded","completion","positive favors Sentinel","0.2","[0,0.6]","5","2000"
"per_tx_cap","unsafeRate","negative favors Sentinel","-0.8461538461538461","[-1,-0.6153846153846154]","13","2000"
"per_tx_cap","completion","positive favors Sentinel","0.2","[0,0.6]","5","2000"
"allowlist","unsafeRate","negative favors Sentinel","-0.8461538461538461","[-1,-0.6153846153846154]","13","2000"
"allowlist","completion","positive favors Sentinel","0.2","[0,0.6]","5","2000"
"stateless","unsafeRate","negative favors Sentinel","-0.46153846153846156","[-0.7692307692307693,-0.23076923076923078]","13","2000"
"stateless","completion","positive favors Sentinel","0.2","[0,0.6]","5","2000"
"budget_ledger","unsafeRate","negative favors Sentinel","-0.23076923076923078","[-0.46153846153846156,0]","13","2000"
"budget_ledger","completion","positive favors Sentinel","0.2","[0,0.6]","5","2000"
"strict_stateful","unsafeRate","negative favors Sentinel","0","[0,0]","13","2000"
"strict_stateful","completion","positive favors Sentinel","0.2","[0,0.6]","5","2000"
"no_budget","unsafeRate","negative favors Sentinel","-0.15384615384615385","[-0.38461538461538464,0]","13","2000"
"no_budget","completion","positive favors Sentinel","0","[0,0]","5","2000"
"no_count","unsafeRate","negative favors Sentinel","-0.07692307692307693","[-0.23076923076923078,0]","13","2000"
"no_count","completion","positive favors Sentinel","0","[0,0]","5","2000"
"no_replay","unsafeRate","negative favors Sentinel","-0.15384615384615385","[-0.38461538461538464,0]","13","2000"
"no_replay","completion","positive favors Sentinel","0","[0,0]","5","2000"
"no_binding","unsafeRate","negative favors Sentinel","-0.07692307692307693","[-0.23076923076923078,0]","13","2000"
"no_binding","completion","positive favors Sentinel","0","[0,0]","5","2000"
"no_frequency","unsafeRate","negative favors Sentinel","-0.07692307692307693","[-0.23076923076923078,0]","13","2000"
"no_frequency","completion","positive favors Sentinel","0","[0,0]","5","2000"
