"method","repairPrevalence","expectedCompletion"
"unguarded","0","1"
"unguarded","0.1","0.9"
"unguarded","0.25","0.75"
"unguarded","0.5","0.5"
"unguarded","1","0"
"per_tx_cap","0","1"
"per_tx_cap","0.1","0.9"
"per_tx_cap","0.25","0.75"
"per_tx_cap","0.5","0.5"
"per_tx_cap","1","0"
"allowlist","0","1"
"allowlist","0.1","0.9"
"allowlist","0.25","0.75"
"allowlist","0.5","0.5"
"allowlist","1","0"
"stateless","0","1"
"stateless","0.1","0.9"
"stateless","0.25","0.75"
"stateless","0.5","0.5"
"stateless","1","0"
"budget_ledger","0","1"
"budget_ledger","0.1","0.9"
"budget_ledger","0.25","0.75"
"budget_ledger","0.5","0.5"
"budget_ledger","1","0"
"strict_stateful","0","1"
"strict_stateful","0.1","0.9"
"strict_stateful","0.25","0.75"
"strict_stateful","0.5","0.5"
"strict_stateful","1","0"
"no_budget","0","1"
"no_budget","0.1","1"
"no_budget","0.25","1"
"no_budget","0.5","1"
"no_budget","1","1"
"no_count","0","1"
"no_count","0.1","1"
"no_count","0.25","1"
"no_count","0.5","1"
"no_count","1","1"
"no_replay","0","1"
"no_replay","0.1","1"
"no_replay","0.25","1"
"no_replay","0.5","1"
"no_replay","1","1"
"no_binding","0","1"
"no_binding","0.1","1"
"no_binding","0.25","1"
"no_binding","0.5","1"
"no_binding","1","1"
"no_frequency","0","1"
"no_frequency","0.1","1"
"no_frequency","0.25","1"
"no_frequency","0.5","1"
"no_frequency","1","1"
"sentinel","0","1"
"sentinel","0.1","1"
"sentinel","0.25","1"
"sentinel","0.5","1"
"sentinel","1","1"
