"seed","method","unsafeRate","completion","corpusHash"
"407","unguarded","1","0.8","f25bc95cded89ac322ae841647988deaf13cd45a7182e775e325d4ba95a87156"
"407","per_tx_cap","0.8461538461538461","0.8","f25bc95cded89ac322ae841647988deaf13cd45a7182e775e325d4ba95a87156"
"407","allowlist","0.8461538461538461","0.8","f25bc95cded89ac322ae841647988deaf13cd45a7182e775e325d4ba95a87156"
"407","stateless","0.46153846153846156","0.8","f25bc95cded89ac322ae841647988deaf13cd45a7182e775e325d4ba95a87156"
"407","budget_ledger","0.23076923076923078","0.8","f25bc95cded89ac322ae841647988deaf13cd45a7182e775e325d4ba95a87156"
"407","strict_stateful","0","0.8","f25bc95cded89ac322ae841647988deaf13cd45a7182e775e325d4ba95a87156"
"407","no_budget","0.15384615384615385","1","f25bc95cded89ac322ae841647988deaf13cd45a7182e775e325d4ba95a87156"
"407","no_count","0.07692307692307693","1","f25bc95cded89ac322ae841647988deaf13cd45a7182e775e325d4ba95a87156"
"407","no_replay","0.15384615384615385","1","f25bc95cded89ac322ae841647988deaf13cd45a7182e775e325d4ba95a87156"
"407","no_binding","0.07692307692307693","1","f25bc95cded89ac322ae841647988deaf13cd45a7182e775e325d4ba95a87156"
"407","no_frequency","0.07692307692307693","1","f25bc95cded89ac322ae841647988deaf13cd45a7182e775e325d4ba95a87156"
"407","sentinel","0","1","f25bc95cded89ac322ae841647988deaf13cd45a7182e775e325d4ba95a87156"
"408","unguarded","1","0.8","58426ff6d2e72218b4df89dcc8c7c643d2dd47ca8a86c968a4fa534f24ccd5b9"
"408","per_tx_cap","0.8461538461538461","0.8","58426ff6d2e72218b4df89dcc8c7c643d2dd47ca8a86c968a4fa534f24ccd5b9"
"408","allowlist","0.8461538461538461","0.8","58426ff6d2e72218b4df89dcc8c7c643d2dd47ca8a86c968a4fa534f24ccd5b9"
"408","stateless","0.46153846153846156","0.8","58426ff6d2e72218b4df89dcc8c7c643d2dd47ca8a86c968a4fa534f24ccd5b9"
"408","budget_ledger","0.23076923076923078","0.8","58426ff6d2e72218b4df89dcc8c7c643d2dd47ca8a86c968a4fa534f24ccd5b9"
"408","strict_stateful","0","0.8","58426ff6d2e72218b4df89dcc8c7c643d2dd47ca8a86c968a4fa534f24ccd5b9"
"408","no_budget","0.15384615384615385","1","58426ff6d2e72218b4df89dcc8c7c643d2dd47ca8a86c968a4fa534f24ccd5b9"
"408","no_count","0.07692307692307693","1","58426ff6d2e72218b4df89dcc8c7c643d2dd47ca8a86c968a4fa534f24ccd5b9"
"408","no_replay","0.15384615384615385","1","58426ff6d2e72218b4df89dcc8c7c643d2dd47ca8a86c968a4fa534f24ccd5b9"
"408","no_binding","0.07692307692307693","1","58426ff6d2e72218b4df89dcc8c7c643d2dd47ca8a86c968a4fa534f24ccd5b9"
"408","no_frequency","0.07692307692307693","1","58426ff6d2e72218b4df89dcc8c7c643d2dd47ca8a86c968a4fa534f24ccd5b9"
"408","sentinel","0","1","58426ff6d2e72218b4df89dcc8c7c643d2dd47ca8a86c968a4fa534f24ccd5b9"
"409","unguarded","1","0.8","86439e1257946fff682840c81c9a38e034495b0c72474703581ae535f9bc5d53"
"409","per_tx_cap","0.8461538461538461","0.8","86439e1257946fff682840c81c9a38e034495b0c72474703581ae535f9bc5d53"
"409","allowlist","0.8461538461538461","0.8","86439e1257946fff682840c81c9a38e034495b0c72474703581ae535f9bc5d53"
"409","stateless","0.46153846153846156","0.8","86439e1257946fff682840c81c9a38e034495b0c72474703581ae535f9bc5d53"
"409","budget_ledger","0.23076923076923078","0.8","86439e1257946fff682840c81c9a38e034495b0c72474703581ae535f9bc5d53"
"409","strict_stateful","0","0.8","86439e1257946fff682840c81c9a38e034495b0c72474703581ae535f9bc5d53"
"409","no_budget","0.15384615384615385","1","86439e1257946fff682840c81c9a38e034495b0c72474703581ae535f9bc5d53"
"409","no_count","0.07692307692307693","1","86439e1257946fff682840c81c9a38e034495b0c72474703581ae535f9bc5d53"
"409","no_replay","0.15384615384615385","1","86439e1257946fff682840c81c9a38e034495b0c72474703581ae535f9bc5d53"
"409","no_binding","0.07692307692307693","1","86439e1257946fff682840c81c9a38e034495b0c72474703581ae535f9bc5d53"
"409","no_frequency","0.07692307692307693","1","86439e1257946fff682840c81c9a38e034495b0c72474703581ae535f9bc5d53"
"409","sentinel","0","1","86439e1257946fff682840c81c9a38e034495b0c72474703581ae535f9bc5d53"
