workers,connections,requests,delayMs,succeeded,rejected,errors,encumberedUSDC,overshootUSDC,elapsedMs,requestsPerSecond,p50RequestMs,p95RequestMs,p95SuccessMs,auditValid,invariantPassed
1,1,80,0,20,60,0,20,0,273.97440000000006,291.9980844925656,91.28974999999991,245.4981550000004,259.00119000000035,true,true
1,1,80,5,20,60,0,20,0,254.60519999999997,314.2119642489628,82.00009999999975,192.7797150000003,194.86969000000022,true,true
1,1,80,25,20,60,0,20,0,264.0050000000001,303.02456392871335,86.99029999999993,201.6054500000002,204.19236500000017,true,true
2,2,80,0,20,60,0,20,0,265.03659999999945,301.84510365738225,43.36045000000013,145.47493000000026,153.09574999999978,true,true
2,2,80,5,20,60,0,20,0,292.0120000000006,273.96134405435333,44.394450000000234,119.5538149999998,122.99095999999982,true,true
2,2,80,25,20,60,0,20,0,284.8927999999996,280.8073773714187,75.23089999999956,225.23742500000034,229.68907500000023,true,true
4,4,80,0,20,60,0,20,0,324.64859999999953,246.42028334636316,31.397799999999734,122.31474999999952,122.31474999999955,true,true
4,4,80,5,20,60,0,20,0,380.8283000000001,210.06842191087156,34.48380000000043,84.3236050000001,85.12556000000045,true,true
4,4,80,25,20,60,0,20,0,375.60779999999977,212.98812218489618,33.354849999999715,80.57581500000023,80.57581500000023,true,true
8,8,80,0,20,60,0,20,0,676.1498999999985,118.3169590056882,17.62945000000036,287.9257500000011,78.87918000000006,true,true
8,8,80,5,20,60,0,20,0,570.2841000000008,140.280958210127,16.959899999999834,228.52801000000073,109.80957999999902,true,true
8,8,80,25,20,60,0,20,0,576.2983999999997,138.81697398431098,16.655150000000503,235.0619450000001,47.9119600000006,true,true
