delayMs,timeoutMs,outcome,initialStatus,finalStatus,initialEncumberedUSDC,finalEncumberedUSDC,recoveryElapsedMs,invariantPassed
0,1,succeeded,succeeded,succeeded,1,1,6.670199999999568,true
0,1,failed,failed,failed,0,0,13.924600000000282,true
0,1,unknown,unknown,unknown,1,1,15.924699999999575,true
0,10,succeeded,succeeded,succeeded,1,1,13.669799999999668,true
0,10,failed,failed,failed,0,0,14.53439999999955,true
0,10,unknown,unknown,unknown,1,1,15.091999999999643,true
0,50,succeeded,succeeded,succeeded,1,1,14.456500000000233,true
0,50,failed,failed,failed,0,0,14.889199999999619,true
0,50,unknown,unknown,unknown,1,1,15.136900000000423,true
5,1,succeeded,unknown,succeeded,1,1,29.741799999999785,true
5,1,failed,unknown,failed,1,0,31.26299999999901,true
5,1,unknown,unknown,unknown,1,1,29.025499999999738,true
5,10,succeeded,succeeded,succeeded,1,1,28.781700000001365,true
5,10,failed,failed,failed,0,0,30.55450000000019,true
5,10,unknown,unknown,unknown,1,1,30.8117000000002,true
5,50,succeeded,succeeded,succeeded,1,1,29.646300000000338,true
5,50,failed,failed,failed,0,0,29.365999999999985,true
5,50,unknown,unknown,unknown,1,1,30.420599999999467,true
25,1,succeeded,unknown,succeeded,1,1,46.3690000000006,true
25,1,failed,unknown,failed,1,0,45.65929999999935,true
25,1,unknown,unknown,unknown,1,1,30.65889999999854,true
25,10,succeeded,unknown,succeeded,1,1,46.631499999999505,true
25,10,failed,unknown,failed,1,0,45.90480000000025,true
25,10,unknown,unknown,unknown,1,1,47.7518,true
25,50,succeeded,succeeded,succeeded,1,1,61.49799999999959,true
25,50,failed,failed,failed,0,0,60.98199999999997,true
25,50,unknown,unknown,unknown,1,1,62.825300000000425,true
