"method","condition","trajectories","unsafe","completed","benign"
"unguarded","budget_h4_p0.5","1","0","1","true"
"unguarded","budget_h4_p1","1","0","1","true"
"unguarded","budget_h4_p2","1","1","0","false"
"unguarded","budget_h4_p4","1","1","0","false"
"unguarded","budget_h8_p0.5","1","0","1","true"
"unguarded","budget_h8_p1","1","0","1","true"
"unguarded","budget_h8_p2","1","1","0","false"
"unguarded","budget_h8_p4","1","1","0","false"
"unguarded","budget_h32_p0.5","1","0","1","true"
"unguarded","budget_h32_p1","1","0","1","true"
"unguarded","budget_h32_p2","1","1","0","false"
"unguarded","budget_h32_p4","1","1","0","false"
"unguarded","budget_h128_p0.5","1","0","1","true"
"unguarded","budget_h128_p1","1","0","1","true"
"unguarded","budget_h128_p2","1","1","0","false"
"unguarded","budget_h128_p4","1","1","0","false"
"unguarded","replay_h8_r0","1","0","1","true"
"unguarded","replay_h8_r0.125","1","0","1","true"
"unguarded","replay_h8_r0.5","1","1","0","false"
"unguarded","replay_h8_r0.875","1","1","0","false"
"unguarded","replay_h32_r0","1","0","1","true"
"unguarded","replay_h32_r0.125","1","1","0","false"
"unguarded","replay_h32_r0.5","1","1","0","false"
"unguarded","replay_h32_r0.875","1","1","0","false"
"unguarded","replay_h128_r0","1","0","1","true"
"unguarded","replay_h128_r0.125","1","1","0","false"
"unguarded","replay_h128_r0.5","1","1","0","false"
"unguarded","replay_h128_r0.875","1","1","0","false"
"unguarded","repair_allowed0_ratio0.8","1","0","1","true"
"unguarded","repair_allowed0_ratio1","1","0","1","true"
"unguarded","repair_allowed0_ratio1.2","1","1","0","false"
"unguarded","repair_allowed0_ratio2","1","1","0","false"
"unguarded","repair_allowed1_ratio0.8","1","0","1","true"
"unguarded","repair_allowed1_ratio1","1","0","1","true"
"unguarded","repair_allowed1_ratio1.2","1","1","0","true"
"unguarded","repair_allowed1_ratio2","1","1","0","true"
"per_tx_cap","budget_h4_p0.5","1","0","1","true"
"per_tx_cap","budget_h4_p1","1","0","1","true"
"per_tx_cap","budget_h4_p2","1","1","0","false"
"per_tx_cap","budget_h4_p4","1","1","0","false"
"per_tx_cap","budget_h8_p0.5","1","0","1","true"
"per_tx_cap","budget_h8_p1","1","0","1","true"
"per_tx_cap","budget_h8_p2","1","1","0","false"
"per_tx_cap","budget_h8_p4","1","1","0","false"
"per_tx_cap","budget_h32_p0.5","1","0","1","true"
"per_tx_cap","budget_h32_p1","1","0","1","true"
"per_tx_cap","budget_h32_p2","1","1","0","false"
"per_tx_cap","budget_h32_p4","1","1","0","false"
"per_tx_cap","budget_h128_p0.5","1","0","1","true"
"per_tx_cap","budget_h128_p1","1","0","1","true"
"per_tx_cap","budget_h128_p2","1","1","0","false"
"per_tx_cap","budget_h128_p4","1","1","0","false"
"per_tx_cap","replay_h8_r0","1","0","1","true"
"per_tx_cap","replay_h8_r0.125","1","0","1","true"
"per_tx_cap","replay_h8_r0.5","1","1","0","false"
"per_tx_cap","replay_h8_r0.875","1","1","0","false"
"per_tx_cap","replay_h32_r0","1","0","1","true"
"per_tx_cap","replay_h32_r0.125","1","1","0","false"
"per_tx_cap","replay_h32_r0.5","1","1","0","false"
"per_tx_cap","replay_h32_r0.875","1","1","0","false"
"per_tx_cap","replay_h128_r0","1","0","1","true"
"per_tx_cap","replay_h128_r0.125","1","1","0","false"
"per_tx_cap","replay_h128_r0.5","1","1","0","false"
"per_tx_cap","replay_h128_r0.875","1","1","0","false"
"per_tx_cap","repair_allowed0_ratio0.8","1","0","1","true"
"per_tx_cap","repair_allowed0_ratio1","1","0","1","true"
"per_tx_cap","repair_allowed0_ratio1.2","1","0","1","false"
"per_tx_cap","repair_allowed0_ratio2","1","0","1","false"
"per_tx_cap","repair_allowed1_ratio0.8","1","0","1","true"
"per_tx_cap","repair_allowed1_ratio1","1","0","1","true"
"per_tx_cap","repair_allowed1_ratio1.2","1","0","0","true"
"per_tx_cap","repair_allowed1_ratio2","1","0","0","true"
"allowlist","budget_h4_p0.5","1","0","1","true"
"allowlist","budget_h4_p1","1","0","1","true"
"allowlist","budget_h4_p2","1","1","0","false"
"allowlist","budget_h4_p4","1","1","0","false"
"allowlist","budget_h8_p0.5","1","0","1","true"
"allowlist","budget_h8_p1","1","0","1","true"
"allowlist","budget_h8_p2","1","1","0","false"
"allowlist","budget_h8_p4","1","1","0","false"
"allowlist","budget_h32_p0.5","1","0","1","true"
"allowlist","budget_h32_p1","1","0","1","true"
"allowlist","budget_h32_p2","1","1","0","false"
"allowlist","budget_h32_p4","1","1","0","false"
"allowlist","budget_h128_p0.5","1","0","1","true"
"allowlist","budget_h128_p1","1","0","1","true"
"allowlist","budget_h128_p2","1","1","0","false"
"allowlist","budget_h128_p4","1","1","0","false"
"allowlist","replay_h8_r0","1","0","1","true"
"allowlist","replay_h8_r0.125","1","0","1","true"
"allowlist","replay_h8_r0.5","1","1","0","false"
"allowlist","replay_h8_r0.875","1","1","0","false"
"allowlist","replay_h32_r0","1","0","1","true"
"allowlist","replay_h32_r0.125","1","1","0","false"
"allowlist","replay_h32_r0.5","1","1","0","false"
"allowlist","replay_h32_r0.875","1","1","0","false"
"allowlist","replay_h128_r0","1","0","1","true"
"allowlist","replay_h128_r0.125","1","1","0","false"
"allowlist","replay_h128_r0.5","1","1","0","false"
"allowlist","replay_h128_r0.875","1","1","0","false"
"allowlist","repair_allowed0_ratio0.8","1","0","1","true"
"allowlist","repair_allowed0_ratio1","1","0","1","true"
"allowlist","repair_allowed0_ratio1.2","1","1","0","false"
"allowlist","repair_allowed0_ratio2","1","1","0","false"
"allowlist","repair_allowed1_ratio0.8","1","0","1","true"
"allowlist","repair_allowed1_ratio1","1","0","1","true"
"allowlist","repair_allowed1_ratio1.2","1","1","0","true"
"allowlist","repair_allowed1_ratio2","1","1","0","true"
"stateless","budget_h4_p0.5","1","0","1","true"
"stateless","budget_h4_p1","1","0","1","true"
"stateless","budget_h4_p2","1","1","0","false"
"stateless","budget_h4_p4","1","1","0","false"
"stateless","budget_h8_p0.5","1","0","1","true"
"stateless","budget_h8_p1","1","0","1","true"
"stateless","budget_h8_p2","1","1","0","false"
"stateless","budget_h8_p4","1","1","0","false"
"stateless","budget_h32_p0.5","1","0","1","true"
"stateless","budget_h32_p1","1","0","1","true"
"stateless","budget_h32_p2","1","1","0","false"
"stateless","budget_h32_p4","1","1","0","false"
"stateless","budget_h128_p0.5","1","0","1","true"
"stateless","budget_h128_p1","1","0","1","true"
"stateless","budget_h128_p2","1","1","0","false"
"stateless","budget_h128_p4","1","1","0","false"
"stateless","replay_h8_r0","1","0","1","true"
"stateless","replay_h8_r0.125","1","0","1","true"
"stateless","replay_h8_r0.5","1","1","0","false"
"stateless","replay_h8_r0.875","1","1","0","false"
"stateless","replay_h32_r0","1","0","1","true"
"stateless","replay_h32_r0.125","1","1","0","false"
"stateless","replay_h32_r0.5","1","1","0","false"
"stateless","replay_h32_r0.875","1","1","0","false"
"stateless","replay_h128_r0","1","0","1","true"
"stateless","replay_h128_r0.125","1","1","0","false"
"stateless","replay_h128_r0.5","1","1","0","false"
"stateless","replay_h128_r0.875","1","1","0","false"
"stateless","repair_allowed0_ratio0.8","1","0","1","true"
"stateless","repair_allowed0_ratio1","1","0","1","true"
"stateless","repair_allowed0_ratio1.2","1","0","1","false"
"stateless","repair_allowed0_ratio2","1","0","1","false"
"stateless","repair_allowed1_ratio0.8","1","0","1","true"
"stateless","repair_allowed1_ratio1","1","0","1","true"
"stateless","repair_allowed1_ratio1.2","1","0","0","true"
"stateless","repair_allowed1_ratio2","1","0","0","true"
"budget_ledger","budget_h4_p0.5","1","0","1","true"
"budget_ledger","budget_h4_p1","1","0","1","true"
"budget_ledger","budget_h4_p2","1","0","1","false"
"budget_ledger","budget_h4_p4","1","0","1","false"
"budget_ledger","budget_h8_p0.5","1","0","1","true"
"budget_ledger","budget_h8_p1","1","0","1","true"
"budget_ledger","budget_h8_p2","1","0","1","false"
"budget_ledger","budget_h8_p4","1","0","1","false"
"budget_ledger","budget_h32_p0.5","1","0","1","true"
"budget_ledger","budget_h32_p1","1","0","1","true"
"budget_ledger","budget_h32_p2","1","0","1","false"
"budget_ledger","budget_h32_p4","1","0","1","false"
"budget_ledger","budget_h128_p0.5","1","0","1","true"
"budget_ledger","budget_h128_p1","1","0","1","true"
"budget_ledger","budget_h128_p2","1","0","1","false"
"budget_ledger","budget_h128_p4","1","0","1","false"
"budget_ledger","replay_h8_r0","1","0","1","true"
"budget_ledger","replay_h8_r0.125","1","0","1","true"
"budget_ledger","replay_h8_r0.5","1","1","0","false"
"budget_ledger","replay_h8_r0.875","1","1","0","false"
"budget_ledger","replay_h32_r0","1","0","1","true"
"budget_ledger","replay_h32_r0.125","1","1","0","false"
"budget_ledger","replay_h32_r0.5","1","1","0","false"
"budget_ledger","replay_h32_r0.875","1","1","0","false"
"budget_ledger","replay_h128_r0","1","0","1","true"
"budget_ledger","replay_h128_r0.125","1","1","0","false"
"budget_ledger","replay_h128_r0.5","1","1","0","false"
"budget_ledger","replay_h128_r0.875","1","1","0","false"
"budget_ledger","repair_allowed0_ratio0.8","1","0","1","true"
"budget_ledger","repair_allowed0_ratio1","1","0","1","true"
"budget_ledger","repair_allowed0_ratio1.2","1","0","1","false"
"budget_ledger","repair_allowed0_ratio2","1","0","1","false"
"budget_ledger","repair_allowed1_ratio0.8","1","0","1","true"
"budget_ledger","repair_allowed1_ratio1","1","0","1","true"
"budget_ledger","repair_allowed1_ratio1.2","1","0","0","true"
"budget_ledger","repair_allowed1_ratio2","1","0","0","true"
"strict_stateful","budget_h4_p0.5","1","0","1","true"
"strict_stateful","budget_h4_p1","1","0","1","true"
"strict_stateful","budget_h4_p2","1","0","1","false"
"strict_stateful","budget_h4_p4","1","0","1","false"
"strict_stateful","budget_h8_p0.5","1","0","1","true"
"strict_stateful","budget_h8_p1","1","0","1","true"
"strict_stateful","budget_h8_p2","1","0","1","false"
"strict_stateful","budget_h8_p4","1","0","1","false"
"strict_stateful","budget_h32_p0.5","1","0","1","true"
"strict_stateful","budget_h32_p1","1","0","1","true"
"strict_stateful","budget_h32_p2","1","0","1","false"
"strict_stateful","budget_h32_p4","1","0","1","false"
"strict_stateful","budget_h128_p0.5","1","0","1","true"
"strict_stateful","budget_h128_p1","1","0","1","true"
"strict_stateful","budget_h128_p2","1","0","1","false"
"strict_stateful","budget_h128_p4","1","0","1","false"
"strict_stateful","replay_h8_r0","1","0","1","true"
"strict_stateful","replay_h8_r0.125","1","0","1","true"
"strict_stateful","replay_h8_r0.5","1","0","1","false"
"strict_stateful","replay_h8_r0.875","1","0","1","false"
"strict_stateful","replay_h32_r0","1","0","1","true"
"strict_stateful","replay_h32_r0.125","1","0","1","false"
"strict_stateful","replay_h32_r0.5","1","0","1","false"
"strict_stateful","replay_h32_r0.875","1","0","1","false"
"strict_stateful","replay_h128_r0","1","0","1","true"
"strict_stateful","replay_h128_r0.125","1","0","1","false"
"strict_stateful","replay_h128_r0.5","1","0","1","false"
"strict_stateful","replay_h128_r0.875","1","0","1","false"
"strict_stateful","repair_allowed0_ratio0.8","1","0","1","true"
"strict_stateful","repair_allowed0_ratio1","1","0","1","true"
"strict_stateful","repair_allowed0_ratio1.2","1","0","1","false"
"strict_stateful","repair_allowed0_ratio2","1","0","1","false"
"strict_stateful","repair_allowed1_ratio0.8","1","0","1","true"
"strict_stateful","repair_allowed1_ratio1","1","0","1","true"
"strict_stateful","repair_allowed1_ratio1.2","1","0","0","true"
"strict_stateful","repair_allowed1_ratio2","1","0","0","true"
"no_budget","budget_h4_p0.5","1","0","1","true"
"no_budget","budget_h4_p1","1","0","1","true"
"no_budget","budget_h4_p2","1","1","0","false"
"no_budget","budget_h4_p4","1","1","0","false"
"no_budget","budget_h8_p0.5","1","0","1","true"
"no_budget","budget_h8_p1","1","0","1","true"
"no_budget","budget_h8_p2","1","1","0","false"
"no_budget","budget_h8_p4","1","1","0","false"
"no_budget","budget_h32_p0.5","1","0","1","true"
"no_budget","budget_h32_p1","1","0","1","true"
"no_budget","budget_h32_p2","1","1","0","false"
"no_budget","budget_h32_p4","1","1","0","false"
"no_budget","budget_h128_p0.5","1","0","1","true"
"no_budget","budget_h128_p1","1","0","1","true"
"no_budget","budget_h128_p2","1","1","0","false"
"no_budget","budget_h128_p4","1","1","0","false"
"no_budget","replay_h8_r0","1","0","1","true"
"no_budget","replay_h8_r0.125","1","0","1","true"
"no_budget","replay_h8_r0.5","1","0","1","false"
"no_budget","replay_h8_r0.875","1","0","1","false"
"no_budget","replay_h32_r0","1","0","1","true"
"no_budget","replay_h32_r0.125","1","0","1","false"
"no_budget","replay_h32_r0.5","1","0","1","false"
"no_budget","replay_h32_r0.875","1","0","1","false"
"no_budget","replay_h128_r0","1","0","1","true"
"no_budget","replay_h128_r0.125","1","0","1","false"
"no_budget","replay_h128_r0.5","1","0","1","false"
"no_budget","replay_h128_r0.875","1","0","1","false"
"no_budget","repair_allowed0_ratio0.8","1","0","1","true"
"no_budget","repair_allowed0_ratio1","1","0","1","true"
"no_budget","repair_allowed0_ratio1.2","1","0","1","false"
"no_budget","repair_allowed0_ratio2","1","0","1","false"
"no_budget","repair_allowed1_ratio0.8","1","0","1","true"
"no_budget","repair_allowed1_ratio1","1","0","1","true"
"no_budget","repair_allowed1_ratio1.2","1","0","1","true"
"no_budget","repair_allowed1_ratio2","1","0","1","true"
"no_count","budget_h4_p0.5","1","0","1","true"
"no_count","budget_h4_p1","1","0","1","true"
"no_count","budget_h4_p2","1","0","1","false"
"no_count","budget_h4_p4","1","0","1","false"
"no_count","budget_h8_p0.5","1","0","1","true"
"no_count","budget_h8_p1","1","0","1","true"
"no_count","budget_h8_p2","1","0","1","false"
"no_count","budget_h8_p4","1","0","1","false"
"no_count","budget_h32_p0.5","1","0","1","true"
"no_count","budget_h32_p1","1","0","1","true"
"no_count","budget_h32_p2","1","0","1","false"
"no_count","budget_h32_p4","1","0","1","false"
"no_count","budget_h128_p0.5","1","0","1","true"
"no_count","budget_h128_p1","1","0","1","true"
"no_count","budget_h128_p2","1","0","1","false"
"no_count","budget_h128_p4","1","0","1","false"
"no_count","replay_h8_r0","1","0","1","true"
"no_count","replay_h8_r0.125","1","0","1","true"
"no_count","replay_h8_r0.5","1","0","1","false"
"no_count","replay_h8_r0.875","1","0","1","false"
"no_count","replay_h32_r0","1","0","1","true"
"no_count","replay_h32_r0.125","1","0","1","false"
"no_count","replay_h32_r0.5","1","0","1","false"
"no_count","replay_h32_r0.875","1","0","1","false"
"no_count","replay_h128_r0","1","0","1","true"
"no_count","replay_h128_r0.125","1","0","1","false"
"no_count","replay_h128_r0.5","1","0","1","false"
"no_count","replay_h128_r0.875","1","0","1","false"
"no_count","repair_allowed0_ratio0.8","1","0","1","true"
"no_count","repair_allowed0_ratio1","1","0","1","true"
"no_count","repair_allowed0_ratio1.2","1","0","1","false"
"no_count","repair_allowed0_ratio2","1","0","1","false"
"no_count","repair_allowed1_ratio0.8","1","0","1","true"
"no_count","repair_allowed1_ratio1","1","0","1","true"
"no_count","repair_allowed1_ratio1.2","1","0","1","true"
"no_count","repair_allowed1_ratio2","1","0","1","true"
"no_replay","budget_h4_p0.5","1","0","1","true"
"no_replay","budget_h4_p1","1","0","1","true"
"no_replay","budget_h4_p2","1","0","1","false"
"no_replay","budget_h4_p4","1","0","1","false"
"no_replay","budget_h8_p0.5","1","0","1","true"
"no_replay","budget_h8_p1","1","0","1","true"
"no_replay","budget_h8_p2","1","0","1","false"
"no_replay","budget_h8_p4","1","0","1","false"
"no_replay","budget_h32_p0.5","1","0","1","true"
"no_replay","budget_h32_p1","1","0","1","true"
"no_replay","budget_h32_p2","1","0","1","false"
"no_replay","budget_h32_p4","1","0","1","false"
"no_replay","budget_h128_p0.5","1","0","1","true"
"no_replay","budget_h128_p1","1","0","1","true"
"no_replay","budget_h128_p2","1","0","1","false"
"no_replay","budget_h128_p4","1","0","1","false"
"no_replay","replay_h8_r0","1","0","1","true"
"no_replay","replay_h8_r0.125","1","0","1","true"
"no_replay","replay_h8_r0.5","1","1","0","false"
"no_replay","replay_h8_r0.875","1","1","0","false"
"no_replay","replay_h32_r0","1","0","1","true"
"no_replay","replay_h32_r0.125","1","1","0","false"
"no_replay","replay_h32_r0.5","1","1","0","false"
"no_replay","replay_h32_r0.875","1","1","0","false"
"no_replay","replay_h128_r0","1","0","1","true"
"no_replay","replay_h128_r0.125","1","1","0","false"
"no_replay","replay_h128_r0.5","1","1","0","false"
"no_replay","replay_h128_r0.875","1","1","0","false"
"no_replay","repair_allowed0_ratio0.8","1","0","1","true"
"no_replay","repair_allowed0_ratio1","1","0","1","true"
"no_replay","repair_allowed0_ratio1.2","1","0","1","false"
"no_replay","repair_allowed0_ratio2","1","0","1","false"
"no_replay","repair_allowed1_ratio0.8","1","0","1","true"
"no_replay","repair_allowed1_ratio1","1","0","1","true"
"no_replay","repair_allowed1_ratio1.2","1","0","1","true"
"no_replay","repair_allowed1_ratio2","1","0","1","true"
"no_binding","budget_h4_p0.5","1","0","1","true"
"no_binding","budget_h4_p1","1","0","1","true"
"no_binding","budget_h4_p2","1","0","1","false"
"no_binding","budget_h4_p4","1","0","1","false"
"no_binding","budget_h8_p0.5","1","0","1","true"
"no_binding","budget_h8_p1","1","0","1","true"
"no_binding","budget_h8_p2","1","0","1","false"
"no_binding","budget_h8_p4","1","0","1","false"
"no_binding","budget_h32_p0.5","1","0","1","true"
"no_binding","budget_h32_p1","1","0","1","true"
"no_binding","budget_h32_p2","1","0","1","false"
"no_binding","budget_h32_p4","1","0","1","false"
"no_binding","budget_h128_p0.5","1","0","1","true"
"no_binding","budget_h128_p1","1","0","1","true"
"no_binding","budget_h128_p2","1","0","1","false"
"no_binding","budget_h128_p4","1","0","1","false"
"no_binding","replay_h8_r0","1","0","1","true"
"no_binding","replay_h8_r0.125","1","0","1","true"
"no_binding","replay_h8_r0.5","1","0","1","false"
"no_binding","replay_h8_r0.875","1","0","1","false"
"no_binding","replay_h32_r0","1","0","1","true"
"no_binding","replay_h32_r0.125","1","0","1","false"
"no_binding","replay_h32_r0.5","1","0","1","false"
"no_binding","replay_h32_r0.875","1","0","1","false"
"no_binding","replay_h128_r0","1","0","1","true"
"no_binding","replay_h128_r0.125","1","0","1","false"
"no_binding","replay_h128_r0.5","1","0","1","false"
"no_binding","replay_h128_r0.875","1","0","1","false"
"no_binding","repair_allowed0_ratio0.8","1","0","1","true"
"no_binding","repair_allowed0_ratio1","1","0","1","true"
"no_binding","repair_allowed0_ratio1.2","1","0","1","false"
"no_binding","repair_allowed0_ratio2","1","0","1","false"
"no_binding","repair_allowed1_ratio0.8","1","0","1","true"
"no_binding","repair_allowed1_ratio1","1","0","1","true"
"no_binding","repair_allowed1_ratio1.2","1","0","1","true"
"no_binding","repair_allowed1_ratio2","1","0","1","true"
"no_frequency","budget_h4_p0.5","1","0","1","true"
"no_frequency","budget_h4_p1","1","0","1","true"
"no_frequency","budget_h4_p2","1","0","1","false"
"no_frequency","budget_h4_p4","1","0","1","false"
"no_frequency","budget_h8_p0.5","1","0","1","true"
"no_frequency","budget_h8_p1","1","0","1","true"
"no_frequency","budget_h8_p2","1","0","1","false"
"no_frequency","budget_h8_p4","1","0","1","false"
"no_frequency","budget_h32_p0.5","1","0","1","true"
"no_frequency","budget_h32_p1","1","0","1","true"
"no_frequency","budget_h32_p2","1","0","1","false"
"no_frequency","budget_h32_p4","1","0","1","false"
"no_frequency","budget_h128_p0.5","1","0","1","true"
"no_frequency","budget_h128_p1","1","0","1","true"
"no_frequency","budget_h128_p2","1","0","1","false"
"no_frequency","budget_h128_p4","1","0","1","false"
"no_frequency","replay_h8_r0","1","0","1","true"
"no_frequency","replay_h8_r0.125","1","0","1","true"
"no_frequency","replay_h8_r0.5","1","0","1","false"
"no_frequency","replay_h8_r0.875","1","0","1","false"
"no_frequency","replay_h32_r0","1","0","1","true"
"no_frequency","replay_h32_r0.125","1","0","1","false"
"no_frequency","replay_h32_r0.5","1","0","1","false"
"no_frequency","replay_h32_r0.875","1","0","1","false"
"no_frequency","replay_h128_r0","1","0","1","true"
"no_frequency","replay_h128_r0.125","1","0","1","false"
"no_frequency","replay_h128_r0.5","1","0","1","false"
"no_frequency","replay_h128_r0.875","1","0","1","false"
"no_frequency","repair_allowed0_ratio0.8","1","0","1","true"
"no_frequency","repair_allowed0_ratio1","1","0","1","true"
"no_frequency","repair_allowed0_ratio1.2","1","0","1","false"
"no_frequency","repair_allowed0_ratio2","1","0","1","false"
"no_frequency","repair_allowed1_ratio0.8","1","0","1","true"
"no_frequency","repair_allowed1_ratio1","1","0","1","true"
"no_frequency","repair_allowed1_ratio1.2","1","0","1","true"
"no_frequency","repair_allowed1_ratio2","1","0","1","true"
"sentinel","budget_h4_p0.5","1","0","1","true"
"sentinel","budget_h4_p1","1","0","1","true"
"sentinel","budget_h4_p2","1","0","1","false"
"sentinel","budget_h4_p4","1","0","1","false"
"sentinel","budget_h8_p0.5","1","0","1","true"
"sentinel","budget_h8_p1","1","0","1","true"
"sentinel","budget_h8_p2","1","0","1","false"
"sentinel","budget_h8_p4","1","0","1","false"
"sentinel","budget_h32_p0.5","1","0","1","true"
"sentinel","budget_h32_p1","1","0","1","true"
"sentinel","budget_h32_p2","1","0","1","false"
"sentinel","budget_h32_p4","1","0","1","false"
"sentinel","budget_h128_p0.5","1","0","1","true"
"sentinel","budget_h128_p1","1","0","1","true"
"sentinel","budget_h128_p2","1","0","1","false"
"sentinel","budget_h128_p4","1","0","1","false"
"sentinel","replay_h8_r0","1","0","1","true"
"sentinel","replay_h8_r0.125","1","0","1","true"
"sentinel","replay_h8_r0.5","1","0","1","false"
"sentinel","replay_h8_r0.875","1","0","1","false"
"sentinel","replay_h32_r0","1","0","1","true"
"sentinel","replay_h32_r0.125","1","0","1","false"
"sentinel","replay_h32_r0.5","1","0","1","false"
"sentinel","replay_h32_r0.875","1","0","1","false"
"sentinel","replay_h128_r0","1","0","1","true"
"sentinel","replay_h128_r0.125","1","0","1","false"
"sentinel","replay_h128_r0.5","1","0","1","false"
"sentinel","replay_h128_r0.875","1","0","1","false"
"sentinel","repair_allowed0_ratio0.8","1","0","1","true"
"sentinel","repair_allowed0_ratio1","1","0","1","true"
"sentinel","repair_allowed0_ratio1.2","1","0","1","false"
"sentinel","repair_allowed0_ratio2","1","0","1","false"
"sentinel","repair_allowed1_ratio0.8","1","0","1","true"
"sentinel","repair_allowed1_ratio1","1","0","1","true"
"sentinel","repair_allowed1_ratio1.2","1","0","1","true"
"sentinel","repair_allowed1_ratio2","1","0","1","true"
